{
    "$schema": "https://schema.management.azure.com/schemas/2015-01-01/deploymentParameters.json#",
    "contentVersion": "1.0.0.0",
    "parameters": {
        "vulnerabilityAssessments_Default_storageContainerPath": {
            "value": null
        },
        "servers_sql_spd_7_leandro_name": {
            "value": null
        },
        "vaults_kv_spd7_leandro_name": {
            "value": null
        },
        "managedClusters_kc_leandro_ada_name": {
            "value": null
        },
        "actionGroups_RecommendedAlertRules_AG_1_name": {
            "value": null
        },
        "userAssignedIdentities_mi_spd7_leandro_name": {
            "value": null
        },
        "metricAlerts_CPU_Usage_Percentage___kc_leandro_ada_name": {
            "value": null
        },
        "metricAlerts_Memory_Working_Set_Percentage___kc_leandro_ada_name": {
            "value": null
        },
        "publicIPAddresses_3cc3314b_a3eb_4f3d_92ab_cf72c1f76e1f_externalid": {
            "value": null
        },
        "userAssignedIdentities_kc_leandro_ada_agentpool_externalid": {
            "value": null
        },
        "virtualNetworks_aks_vnet_25756630_externalid": {
            "value": null
        }
    }
}