{
    "$schema": "https://schema.management.azure.com/schemas/2019-04-01/deploymentTemplate.json#",
    "contentVersion": "1.0.0.0",
    "parameters": {
        "vulnerabilityAssessments_Default_storageContainerPath": {
            "type": "SecureString"
        },
        "servers_sql_spd_7_leandro_name": {
            "defaultValue": "sql-spd-7-leandro",
            "type": "String"
        },
        "vaults_kv_spd7_leandro_name": {
            "defaultValue": "kv-spd7-leandro",
            "type": "String"
        },
        "managedClusters_kc_leandro_ada_name": {
            "defaultValue": "kc-leandro-ada",
            "type": "String"
        },
        "actionGroups_RecommendedAlertRules_AG_1_name": {
            "defaultValue": "RecommendedAlertRules-AG-1",
            "type": "String"
        },
        "userAssignedIdentities_mi_spd7_leandro_name": {
            "defaultValue": "mi-spd7-leandro",
            "type": "String"
        },
        "metricAlerts_CPU_Usage_Percentage___kc_leandro_ada_name": {
            "defaultValue": "CPU Usage Percentage - kc-leandro-ada",
            "type": "String"
        },
        "metricAlerts_Memory_Working_Set_Percentage___kc_leandro_ada_name": {
            "defaultValue": "Memory Working Set Percentage - kc-leandro-ada",
            "type": "String"
        },
        "publicIPAddresses_3cc3314b_a3eb_4f3d_92ab_cf72c1f76e1f_externalid": {
            "defaultValue": "/subscriptions/f3dff8f3-2057-4d43-91cc-45f758f184af/resourceGroups/MC_rg-kc_kc-leandro-ada_brazilsouth/providers/Microsoft.Network/publicIPAddresses/3cc3314b-a3eb-4f3d-92ab-cf72c1f76e1f",
            "type": "String"
        },
        "userAssignedIdentities_kc_leandro_ada_agentpool_externalid": {
            "defaultValue": "/subscriptions/f3dff8f3-2057-4d43-91cc-45f758f184af/resourceGroups/MC_rg-kc_kc-leandro-ada_brazilsouth/providers/Microsoft.ManagedIdentity/userAssignedIdentities/kc-leandro-ada-agentpool",
            "type": "String"
        },
        "virtualNetworks_aks_vnet_25756630_externalid": {
            "defaultValue": "/subscriptions/f3dff8f3-2057-4d43-91cc-45f758f184af/resourceGroups/MC_rg-kc_kc-leandro-ada_brazilsouth/providers/Microsoft.Network/virtualNetworks/aks-vnet-25756630",
            "type": "String"
        }
    },
    "variables": {},
    "resources": [
        {
            "type": "Microsoft.ContainerService/managedClusters",
            "apiVersion": "2024-08-01",
            "name": "[parameters('managedClusters_kc_leandro_ada_name')]",
            "location": "brazilsouth",
            "sku": {
                "name": "Base",
                "tier": "Free"
            },
            "identity": {
                "type": "SystemAssigned"
            },
            "properties": {
                "kubernetesVersion": "1.30.7",
                "dnsPrefix": "[concat(parameters('managedClusters_kc_leandro_ada_name'), '-dns')]",
                "agentPoolProfiles": [
                    {
                        "name": "agentpool",
                        "count": 1,
                        "vmSize": "Standard_D2s_v3",
                        "osDiskSizeGB": 128,
                        "osDiskType": "Managed",
                        "kubeletDiskType": "OS",
                        "maxPods": 110,
                        "type": "VirtualMachineScaleSets",
                        "enableAutoScaling": false,
                        "powerState": {
                            "code": "Running"
                        },
                        "orchestratorVersion": "1.30.7",
                        "enableNodePublicIP": false,
                        "mode": "System",
                        "osType": "Linux",
                        "osSKU": "Ubuntu",
                        "upgradeSettings": {
                            "maxSurge": "10%"
                        },
                        "enableFIPS": false,
                        "securityProfile": {
                            "enableVTPM": false,
                            "enableSecureBoot": false
                        }
                    }
                ],
                "windowsProfile": {
                    "adminUsername": "azureuser",
                    "enableCSIProxy": true
                },
                "servicePrincipalProfile": {
                    "clientId": "msi"
                },
                "addonProfiles": {
                    "azureKeyvaultSecretsProvider": {
                        "enabled": false
                    },
                    "azurepolicy": {
                        "enabled": false
                    }
                },
                "nodeResourceGroup": "[concat('MC_rg-kc_', parameters('managedClusters_kc_leandro_ada_name'), '_brazilsouth')]",
                "enableRBAC": true,
                "supportPlan": "KubernetesOfficial",
                "networkProfile": {
                    "networkPlugin": "azure",
                    "networkPluginMode": "overlay",
                    "networkPolicy": "none",
                    "networkDataplane": "azure",
                    "loadBalancerSku": "Standard",
                    "loadBalancerProfile": {
                        "managedOutboundIPs": {
                            "count": 1
                        },
                        "effectiveOutboundIPs": [
                            {
                                "id": "[parameters('publicIPAddresses_3cc3314b_a3eb_4f3d_92ab_cf72c1f76e1f_externalid')]"
                            }
                        ],
                        "backendPoolType": "nodeIPConfiguration"
                    },
                    "podCidr": "10.244.0.0/16",
                    "serviceCidr": "10.0.0.0/16",
                    "dnsServiceIP": "10.0.0.10",
                    "outboundType": "loadBalancer",
                    "podCidrs": [
                        "10.244.0.0/16"
                    ],
                    "serviceCidrs": [
                        "10.0.0.0/16"
                    ],
                    "ipFamilies": [
                        "IPv4"
                    ]
                },
                "aadProfile": {
                    "managed": true,
                    "enableAzureRBAC": true,
                    "tenantID": "d3e99c56-b82f-4e32-83b9-bcaf5cfbec69"
                },
                "identityProfile": {
                    "kubeletidentity": {
                        "resourceId": "[parameters('userAssignedIdentities_kc_leandro_ada_agentpool_externalid')]",
                        "clientId": "90d4cadc-fd43-4717-99aa-90866e4a3975",
                        "objectId": "aebf7f08-1137-4ff4-9ead-a57dc285acab"
                    }
                },
                "autoUpgradeProfile": {
                    "upgradeChannel": "patch",
                    "nodeOSUpgradeChannel": "None"
                },
                "disableLocalAccounts": true,
                "securityProfile": {
                    "imageCleaner": {
                        "enabled": false,
                        "intervalHours": 168
                    },
                    "workloadIdentity": {
                        "enabled": true
                    }
                },
                "storageProfile": {
                    "diskCSIDriver": {
                        "enabled": true
                    },
                    "fileCSIDriver": {
                        "enabled": true
                    },
                    "snapshotController": {
                        "enabled": true
                    }
                },
                "oidcIssuerProfile": {
                    "enabled": true
                },
                "workloadAutoScalerProfile": {},
                "metricsProfile": {
                    "costAnalysis": {
                        "enabled": false
                    }
                }
            }
        },
        {
            "type": "microsoft.insights/actionGroups",
            "apiVersion": "2023-09-01-preview",
            "name": "[parameters('actionGroups_RecommendedAlertRules_AG_1_name')]",
            "location": "Global",
            "properties": {
                "groupShortName": "recalert1",
                "enabled": true,
                "emailReceivers": [
                    {
                        "name": "Email_-EmailAction-",
                        "emailAddress": "belorian592@gmail.com",
                        "useCommonAlertSchema": true
                    }
                ],
                "smsReceivers": [],
                "webhookReceivers": [],
                "eventHubReceivers": [],
                "itsmReceivers": [],
                "azureAppPushReceivers": [],
                "automationRunbookReceivers": [],
                "voiceReceivers": [],
                "logicAppReceivers": [],
                "azureFunctionReceivers": [],
                "armRoleReceivers": []
            }
        },
        {
            "type": "Microsoft.KeyVault/vaults",
            "apiVersion": "2024-04-01-preview",
            "name": "[parameters('vaults_kv_spd7_leandro_name')]",
            "location": "brazilsouth",
            "properties": {
                "sku": {
                    "family": "A",
                    "name": "Standard"
                },
                "tenantId": "d3e99c56-b82f-4e32-83b9-bcaf5cfbec69",
                "networkAcls": {
                    "bypass": "None",
                    "defaultAction": "Allow",
                    "ipRules": [],
                    "virtualNetworkRules": []
                },
                "accessPolicies": [],
                "enabledForDeployment": false,
                "enabledForDiskEncryption": false,
                "enabledForTemplateDeployment": false,
                "enableSoftDelete": true,
                "softDeleteRetentionInDays": 90,
                "enableRbacAuthorization": true,
                "vaultUri": "[concat('https://', parameters('vaults_kv_spd7_leandro_name'), '.vault.azure.net/')]",
                "provisioningState": "Succeeded",
                "publicNetworkAccess": "Enabled"
            }
        },
        {
            "type": "Microsoft.ManagedIdentity/userAssignedIdentities",
            "apiVersion": "2023-07-31-preview",
            "name": "[parameters('userAssignedIdentities_mi_spd7_leandro_name')]",
            "location": "brazilsouth",
            "tags": {
                "teste": "spd"
            }
        },
        {
            "type": "Microsoft.Sql/servers",
            "apiVersion": "2024-05-01-preview",
            "name": "[parameters('servers_sql_spd_7_leandro_name')]",
            "location": "brazilsouth",
            "kind": "v12.0",
            "properties": {
                "administratorLogin": "adminprojeto",
                "version": "12.0",
                "minimalTlsVersion": "1.2",
                "publicNetworkAccess": "Enabled",
                "administrators": {
                    "administratorType": "ActiveDirectory",
                    "principalType": "User",
                    "login": "belorian592_gmail.com#EXT#@belorian592gmail.onmicrosoft.com",
                    "sid": "efb2035b-d442-4390-8255-a16b18869a41",
                    "tenantId": "d3e99c56-b82f-4e32-83b9-bcaf5cfbec69",
                    "azureADOnlyAuthentication": false
                },
                "restrictOutboundNetworkAccess": "Disabled"
            }
        },
        {
            "type": "Microsoft.ContainerService/managedClusters/agentPools",
            "apiVersion": "2024-08-01",
            "name": "[concat(parameters('managedClusters_kc_leandro_ada_name'), '/agentpool')]",
            "dependsOn": [
                "[resourceId('Microsoft.ContainerService/managedClusters', parameters('managedClusters_kc_leandro_ada_name'))]"
            ],
            "properties": {
                "count": 1,
                "vmSize": "Standard_D2s_v3",
                "osDiskSizeGB": 128,
                "osDiskType": "Managed",
                "kubeletDiskType": "OS",
                "maxPods": 110,
                "type": "VirtualMachineScaleSets",
                "enableAutoScaling": false,
                "powerState": {
                    "code": "Running"
                },
                "orchestratorVersion": "1.30.7",
                "enableNodePublicIP": false,
                "mode": "System",
                "osType": "Linux",
                "osSKU": "Ubuntu",
                "upgradeSettings": {
                    "maxSurge": "10%"
                },
                "enableFIPS": false,
                "securityProfile": {
                    "enableVTPM": false,
                    "enableSecureBoot": false
                }
            }
        },
        {
            "type": "Microsoft.ContainerService/managedClusters/maintenanceConfigurations",
            "apiVersion": "2024-08-01",
            "name": "[concat(parameters('managedClusters_kc_leandro_ada_name'), '/aksManagedAutoUpgradeSchedule')]",
            "dependsOn": [
                "[resourceId('Microsoft.ContainerService/managedClusters', parameters('managedClusters_kc_leandro_ada_name'))]"
            ],
            "properties": {
                "maintenanceWindow": {
                    "schedule": {
                        "weekly": {
                            "intervalWeeks": 1,
                            "dayOfWeek": "Sunday"
                        }
                    },
                    "durationHours": 4,
                    "utcOffset": "+00:00",
                    "startDate": "2025-02-02",
                    "startTime": "00:00"
                }
            }
        },
        {
            "type": "Microsoft.KeyVault/vaults/secrets",
            "apiVersion": "2024-04-01-preview",
            "name": "[concat(parameters('vaults_kv_spd7_leandro_name'), '/db-connection-string')]",
            "location": "brazilsouth",
            "dependsOn": [
                "[resourceId('Microsoft.KeyVault/vaults', parameters('vaults_kv_spd7_leandro_name'))]"
            ],
            "properties": {
                "contentType": "ada",
                "attributes": {
                    "enabled": true
                }
            }
        },
        {
            "type": "Microsoft.ManagedIdentity/userAssignedIdentities/federatedIdentityCredentials",
            "apiVersion": "2023-07-31-preview",
            "name": "[concat(parameters('userAssignedIdentities_mi_spd7_leandro_name'), '/fed')]",
            "dependsOn": [
                "[resourceId('Microsoft.ManagedIdentity/userAssignedIdentities', parameters('userAssignedIdentities_mi_spd7_leandro_name'))]"
            ],
            "properties": {
                "issuer": "https://brazilsouth.oic.prod-aks.azure.com/d3e99c56-b82f-4e32-83b9-bcaf5cfbec69/22dfe4ec-311e-46b8-9ecf-615cda95a7bd/",
                "subject": "system:serviceaccount:default:projeto-sa",
                "audiences": [
                    "api://AzureADTokenExchange"
                ]
            }
        },
        {
            "type": "Microsoft.Sql/servers/administrators",
            "apiVersion": "2024-05-01-preview",
            "name": "[concat(parameters('servers_sql_spd_7_leandro_name'), '/ActiveDirectory')]",
            "dependsOn": [
                "[resourceId('Microsoft.Sql/servers', parameters('servers_sql_spd_7_leandro_name'))]"
            ],
            "properties": {
                "administratorType": "ActiveDirectory",
                "login": "belorian592_gmail.com#EXT#@belorian592gmail.onmicrosoft.com",
                "sid": "efb2035b-d442-4390-8255-a16b18869a41",
                "tenantId": "d3e99c56-b82f-4e32-83b9-bcaf5cfbec69"
            }
        },
        {
            "type": "Microsoft.Sql/servers/advancedThreatProtectionSettings",
            "apiVersion": "2024-05-01-preview",
            "name": "[concat(parameters('servers_sql_spd_7_leandro_name'), '/Default')]",
            "dependsOn": [
                "[resourceId('Microsoft.Sql/servers', parameters('servers_sql_spd_7_leandro_name'))]"
            ],
            "properties": {
                "state": "Disabled"
            }
        },
        {
            "type": "Microsoft.Sql/servers/advisors",
            "apiVersion": "2014-04-01",
            "name": "[concat(parameters('servers_sql_spd_7_leandro_name'), '/CreateIndex')]",
            "dependsOn": [
                "[resourceId('Microsoft.Sql/servers', parameters('servers_sql_spd_7_leandro_name'))]"
            ],
            "properties": {
                "autoExecuteValue": "Disabled"
            }
        },
        {
            "type": "Microsoft.Sql/servers/advisors",
            "apiVersion": "2014-04-01",
            "name": "[concat(parameters('servers_sql_spd_7_leandro_name'), '/DbParameterization')]",
            "dependsOn": [
                "[resourceId('Microsoft.Sql/servers', parameters('servers_sql_spd_7_leandro_name'))]"
            ],
            "properties": {
                "autoExecuteValue": "Disabled"
            }
        },
        {
            "type": "Microsoft.Sql/servers/advisors",
            "apiVersion": "2014-04-01",
            "name": "[concat(parameters('servers_sql_spd_7_leandro_name'), '/DefragmentIndex')]",
            "dependsOn": [
                "[resourceId('Microsoft.Sql/servers', parameters('servers_sql_spd_7_leandro_name'))]"
            ],
            "properties": {
                "autoExecuteValue": "Disabled"
            }
        },
        {
            "type": "Microsoft.Sql/servers/advisors",
            "apiVersion": "2014-04-01",
            "name": "[concat(parameters('servers_sql_spd_7_leandro_name'), '/DropIndex')]",
            "dependsOn": [
                "[resourceId('Microsoft.Sql/servers', parameters('servers_sql_spd_7_leandro_name'))]"
            ],
            "properties": {
                "autoExecuteValue": "Disabled"
            }
        },
        {
            "type": "Microsoft.Sql/servers/advisors",
            "apiVersion": "2014-04-01",
            "name": "[concat(parameters('servers_sql_spd_7_leandro_name'), '/ForceLastGoodPlan')]",
            "dependsOn": [
                "[resourceId('Microsoft.Sql/servers', parameters('servers_sql_spd_7_leandro_name'))]"
            ],
            "properties": {
                "autoExecuteValue": "Enabled"
            }
        },
        {
            "type": "Microsoft.Sql/servers/auditingPolicies",
            "apiVersion": "2014-04-01",
            "name": "[concat(parameters('servers_sql_spd_7_leandro_name'), '/Default')]",
            "location": "Brazil South",
            "dependsOn": [
                "[resourceId('Microsoft.Sql/servers', parameters('servers_sql_spd_7_leandro_name'))]"
            ],
            "properties": {
                "auditingState": "Disabled"
            }
        },
        {
            "type": "Microsoft.Sql/servers/auditingSettings",
            "apiVersion": "2024-05-01-preview",
            "name": "[concat(parameters('servers_sql_spd_7_leandro_name'), '/Default')]",
            "dependsOn": [
                "[resourceId('Microsoft.Sql/servers', parameters('servers_sql_spd_7_leandro_name'))]"
            ],
            "properties": {
                "retentionDays": 0,
                "auditActionsAndGroups": [],
                "isStorageSecondaryKeyInUse": false,
                "isAzureMonitorTargetEnabled": false,
                "isManagedIdentityInUse": false,
                "state": "Disabled",
                "storageAccountSubscriptionId": "00000000-0000-0000-0000-000000000000"
            }
        },
        {
            "type": "Microsoft.Sql/servers/azureADOnlyAuthentications",
            "apiVersion": "2024-05-01-preview",
            "name": "[concat(parameters('servers_sql_spd_7_leandro_name'), '/Default')]",
            "dependsOn": [
                "[resourceId('Microsoft.Sql/servers', parameters('servers_sql_spd_7_leandro_name'))]"
            ],
            "properties": {
                "azureADOnlyAuthentication": false
            }
        },
        {
            "type": "Microsoft.Sql/servers/connectionPolicies",
            "apiVersion": "2024-05-01-preview",
            "name": "[concat(parameters('servers_sql_spd_7_leandro_name'), '/default')]",
            "location": "brazilsouth",
            "dependsOn": [
                "[resourceId('Microsoft.Sql/servers', parameters('servers_sql_spd_7_leandro_name'))]"
            ],
            "properties": {
                "connectionType": "Default"
            }
        },
        {
            "type": "Microsoft.Sql/servers/databases",
            "apiVersion": "2024-05-01-preview",
            "name": "[concat(parameters('servers_sql_spd_7_leandro_name'), '/db-projeto-leandro')]",
            "location": "brazilsouth",
            "dependsOn": [
                "[resourceId('Microsoft.Sql/servers', parameters('servers_sql_spd_7_leandro_name'))]"
            ],
            "sku": {
                "name": "GP_S_Gen5",
                "tier": "GeneralPurpose",
                "family": "Gen5",
                "capacity": 1
            },
            "kind": "v12.0,user,vcore,serverless",
            "properties": {
                "collation": "SQL_Latin1_General_CP1_CI_AS",
                "maxSizeBytes": 34359738368,
                "catalogCollation": "SQL_Latin1_General_CP1_CI_AS",
                "zoneRedundant": false,
                "readScale": "Disabled",
                "autoPauseDelay": 60,
                "requestedBackupStorageRedundancy": "Local",
                "minCapacity": 0.5,
                "maintenanceConfigurationId": "/subscriptions/f3dff8f3-2057-4d43-91cc-45f758f184af/providers/Microsoft.Maintenance/publicMaintenanceConfigurations/SQL_Default",
                "isLedgerOn": false,
                "availabilityZone": "NoPreference"
            }
        },
        {
            "type": "Microsoft.Sql/servers/databases/advancedThreatProtectionSettings",
            "apiVersion": "2024-05-01-preview",
            "name": "[concat(parameters('servers_sql_spd_7_leandro_name'), '/master/Default')]",
            "dependsOn": [
                "[resourceId('Microsoft.Sql/servers', parameters('servers_sql_spd_7_leandro_name'))]"
            ],
            "properties": {
                "state": "Disabled"
            }
        },
        {
            "type": "Microsoft.Sql/servers/databases/auditingPolicies",
            "apiVersion": "2014-04-01",
            "name": "[concat(parameters('servers_sql_spd_7_leandro_name'), '/master/Default')]",
            "location": "Brazil South",
            "dependsOn": [
                "[resourceId('Microsoft.Sql/servers', parameters('servers_sql_spd_7_leandro_name'))]"
            ],
            "properties": {
                "auditingState": "Disabled"
            }
        },
        {
            "type": "Microsoft.Sql/servers/databases/auditingSettings",
            "apiVersion": "2024-05-01-preview",
            "name": "[concat(parameters('servers_sql_spd_7_leandro_name'), '/master/Default')]",
            "dependsOn": [
                "[resourceId('Microsoft.Sql/servers', parameters('servers_sql_spd_7_leandro_name'))]"
            ],
            "properties": {
                "retentionDays": 0,
                "isAzureMonitorTargetEnabled": false,
                "state": "Disabled",
                "storageAccountSubscriptionId": "00000000-0000-0000-0000-000000000000"
            }
        },
        {
            "type": "Microsoft.Sql/servers/databases/extendedAuditingSettings",
            "apiVersion": "2024-05-01-preview",
            "name": "[concat(parameters('servers_sql_spd_7_leandro_name'), '/master/Default')]",
            "dependsOn": [
                "[resourceId('Microsoft.Sql/servers', parameters('servers_sql_spd_7_leandro_name'))]"
            ],
            "properties": {
                "retentionDays": 0,
                "isAzureMonitorTargetEnabled": false,
                "state": "Disabled",
                "storageAccountSubscriptionId": "00000000-0000-0000-0000-000000000000"
            }
        },
        {
            "type": "Microsoft.Sql/servers/databases/geoBackupPolicies",
            "apiVersion": "2024-05-01-preview",
            "name": "[concat(parameters('servers_sql_spd_7_leandro_name'), '/master/Default')]",
            "dependsOn": [
                "[resourceId('Microsoft.Sql/servers', parameters('servers_sql_spd_7_leandro_name'))]"
            ],
            "properties": {
                "state": "Disabled"
            }
        },
        {
            "type": "Microsoft.Sql/servers/databases/ledgerDigestUploads",
            "apiVersion": "2024-05-01-preview",
            "name": "[concat(parameters('servers_sql_spd_7_leandro_name'), '/master/Current')]",
            "dependsOn": [
                "[resourceId('Microsoft.Sql/servers', parameters('servers_sql_spd_7_leandro_name'))]"
            ],
            "properties": {}
        },
        {
            "type": "Microsoft.Sql/servers/databases/securityAlertPolicies",
            "apiVersion": "2024-05-01-preview",
            "name": "[concat(parameters('servers_sql_spd_7_leandro_name'), '/master/Default')]",
            "dependsOn": [
                "[resourceId('Microsoft.Sql/servers', parameters('servers_sql_spd_7_leandro_name'))]"
            ],
            "properties": {
                "state": "Disabled",
                "disabledAlerts": [
                    ""
                ],
                "emailAddresses": [
                    ""
                ],
                "emailAccountAdmins": false,
                "retentionDays": 0
            }
        },
        {
            "type": "Microsoft.Sql/servers/databases/transparentDataEncryption",
            "apiVersion": "2024-05-01-preview",
            "name": "[concat(parameters('servers_sql_spd_7_leandro_name'), '/master/Current')]",
            "dependsOn": [
                "[resourceId('Microsoft.Sql/servers', parameters('servers_sql_spd_7_leandro_name'))]"
            ],
            "properties": {
                "state": "Disabled"
            }
        },
        {
            "type": "Microsoft.Sql/servers/databases/vulnerabilityAssessments",
            "apiVersion": "2024-05-01-preview",
            "name": "[concat(parameters('servers_sql_spd_7_leandro_name'), '/master/Default')]",
            "dependsOn": [
                "[resourceId('Microsoft.Sql/servers', parameters('servers_sql_spd_7_leandro_name'))]"
            ],
            "properties": {
                "recurringScans": {
                    "isEnabled": false,
                    "emailSubscriptionAdmins": true
                }
            }
        },
        {
            "type": "Microsoft.Sql/servers/devOpsAuditingSettings",
            "apiVersion": "2024-05-01-preview",
            "name": "[concat(parameters('servers_sql_spd_7_leandro_name'), '/Default')]",
            "dependsOn": [
                "[resourceId('Microsoft.Sql/servers', parameters('servers_sql_spd_7_leandro_name'))]"
            ],
            "properties": {
                "isAzureMonitorTargetEnabled": false,
                "isManagedIdentityInUse": false,
                "state": "Disabled",
                "storageAccountSubscriptionId": "00000000-0000-0000-0000-000000000000"
            }
        },
        {
            "type": "Microsoft.Sql/servers/encryptionProtector",
            "apiVersion": "2024-05-01-preview",
            "name": "[concat(parameters('servers_sql_spd_7_leandro_name'), '/current')]",
            "dependsOn": [
                "[resourceId('Microsoft.Sql/servers', parameters('servers_sql_spd_7_leandro_name'))]"
            ],
            "kind": "servicemanaged",
            "properties": {
                "serverKeyName": "ServiceManaged",
                "serverKeyType": "ServiceManaged",
                "autoRotationEnabled": false
            }
        },
        {
            "type": "Microsoft.Sql/servers/extendedAuditingSettings",
            "apiVersion": "2024-05-01-preview",
            "name": "[concat(parameters('servers_sql_spd_7_leandro_name'), '/Default')]",
            "dependsOn": [
                "[resourceId('Microsoft.Sql/servers', parameters('servers_sql_spd_7_leandro_name'))]"
            ],
            "properties": {
                "retentionDays": 0,
                "auditActionsAndGroups": [],
                "isStorageSecondaryKeyInUse": false,
                "isAzureMonitorTargetEnabled": false,
                "isManagedIdentityInUse": false,
                "state": "Disabled",
                "storageAccountSubscriptionId": "00000000-0000-0000-0000-000000000000"
            }
        },
        {
            "type": "Microsoft.Sql/servers/firewallRules",
            "apiVersion": "2024-05-01-preview",
            "name": "[concat(parameters('servers_sql_spd_7_leandro_name'), '/ClientIPAddress_2025-2-1_20-4-38')]",
            "dependsOn": [
                "[resourceId('Microsoft.Sql/servers', parameters('servers_sql_spd_7_leandro_name'))]"
            ],
            "properties": {
                "startIpAddress": "177.102.103.217",
                "endIpAddress": "177.102.103.217"
            }
        },
        {
            "type": "Microsoft.Sql/servers/keys",
            "apiVersion": "2024-05-01-preview",
            "name": "[concat(parameters('servers_sql_spd_7_leandro_name'), '/ServiceManaged')]",
            "dependsOn": [
                "[resourceId('Microsoft.Sql/servers', parameters('servers_sql_spd_7_leandro_name'))]"
            ],
            "kind": "servicemanaged",
            "properties": {
                "serverKeyType": "ServiceManaged"
            }
        },
        {
            "type": "Microsoft.Sql/servers/securityAlertPolicies",
            "apiVersion": "2024-05-01-preview",
            "name": "[concat(parameters('servers_sql_spd_7_leandro_name'), '/Default')]",
            "dependsOn": [
                "[resourceId('Microsoft.Sql/servers', parameters('servers_sql_spd_7_leandro_name'))]"
            ],
            "properties": {
                "state": "Disabled",
                "disabledAlerts": [
                    ""
                ],
                "emailAddresses": [
                    ""
                ],
                "emailAccountAdmins": false,
                "retentionDays": 0
            }
        },
        {
            "type": "Microsoft.Sql/servers/sqlVulnerabilityAssessments",
            "apiVersion": "2024-05-01-preview",
            "name": "[concat(parameters('servers_sql_spd_7_leandro_name'), '/Default')]",
            "dependsOn": [
                "[resourceId('Microsoft.Sql/servers', parameters('servers_sql_spd_7_leandro_name'))]"
            ],
            "properties": {
                "state": "Disabled"
            }
        },
        {
            "type": "Microsoft.Sql/servers/virtualNetworkRules",
            "apiVersion": "2024-05-01-preview",
            "name": "[concat(parameters('servers_sql_spd_7_leandro_name'), '/newVnetRule1')]",
            "dependsOn": [
                "[resourceId('Microsoft.Sql/servers', parameters('servers_sql_spd_7_leandro_name'))]"
            ],
            "properties": {
                "virtualNetworkSubnetId": "[concat(parameters('virtualNetworks_aks_vnet_25756630_externalid'), '/subnets/aks-subnet')]",
                "ignoreMissingVnetServiceEndpoint": false
            }
        },
        {
            "type": "Microsoft.Sql/servers/vulnerabilityAssessments",
            "apiVersion": "2024-05-01-preview",
            "name": "[concat(parameters('servers_sql_spd_7_leandro_name'), '/Default')]",
            "dependsOn": [
                "[resourceId('Microsoft.Sql/servers', parameters('servers_sql_spd_7_leandro_name'))]"
            ],
            "properties": {
                "recurringScans": {
                    "isEnabled": false,
                    "emailSubscriptionAdmins": true
                },
                "storageContainerPath": "[parameters('vulnerabilityAssessments_Default_storageContainerPath')]"
            }
        },
        {
            "type": "microsoft.insights/metricAlerts",
            "apiVersion": "2018-03-01",
            "name": "[parameters('metricAlerts_CPU_Usage_Percentage___kc_leandro_ada_name')]",
            "location": "Global",
            "dependsOn": [
                "[resourceId('Microsoft.ContainerService/managedClusters', parameters('managedClusters_kc_leandro_ada_name'))]",
                "[resourceId('microsoft.insights/actionGroups', parameters('actionGroups_RecommendedAlertRules_AG_1_name'))]"
            ],
            "properties": {
                "severity": 3,
                "enabled": true,
                "scopes": [
                    "[resourceId('Microsoft.ContainerService/managedClusters', parameters('managedClusters_kc_leandro_ada_name'))]"
                ],
                "evaluationFrequency": "PT5M",
                "windowSize": "PT5M",
                "criteria": {
                    "allOf": [
                        {
                            "threshold": 95,
                            "name": "Metric1",
                            "metricNamespace": "Microsoft.ContainerService/managedClusters",
                            "metricName": "node_cpu_usage_percentage",
                            "operator": "GreaterThan",
                            "timeAggregation": "Average",
                            "criterionType": "StaticThresholdCriterion"
                        }
                    ],
                    "odata.type": "Microsoft.Azure.Monitor.MultipleResourceMultipleMetricCriteria"
                },
                "targetResourceType": "Microsoft.ContainerService/managedClusters",
                "actions": [
                    {
                        "actionGroupId": "[resourceId('microsoft.insights/actionGroups', parameters('actionGroups_RecommendedAlertRules_AG_1_name'))]",
                        "webHookProperties": {}
                    }
                ]
            }
        },
        {
            "type": "microsoft.insights/metricAlerts",
            "apiVersion": "2018-03-01",
            "name": "[parameters('metricAlerts_Memory_Working_Set_Percentage___kc_leandro_ada_name')]",
            "location": "Global",
            "dependsOn": [
                "[resourceId('Microsoft.ContainerService/managedClusters', parameters('managedClusters_kc_leandro_ada_name'))]",
                "[resourceId('microsoft.insights/actionGroups', parameters('actionGroups_RecommendedAlertRules_AG_1_name'))]"
            ],
            "properties": {
                "severity": 3,
                "enabled": true,
                "scopes": [
                    "[resourceId('Microsoft.ContainerService/managedClusters', parameters('managedClusters_kc_leandro_ada_name'))]"
                ],
                "evaluationFrequency": "PT5M",
                "windowSize": "PT5M",
                "criteria": {
                    "allOf": [
                        {
                            "threshold": 100,
                            "name": "Metric1",
                            "metricNamespace": "Microsoft.ContainerService/managedClusters",
                            "metricName": "node_memory_working_set_percentage",
                            "operator": "GreaterThan",
                            "timeAggregation": "Average",
                            "criterionType": "StaticThresholdCriterion"
                        }
                    ],
                    "odata.type": "Microsoft.Azure.Monitor.MultipleResourceMultipleMetricCriteria"
                },
                "targetResourceType": "Microsoft.ContainerService/managedClusters",
                "actions": [
                    {
                        "actionGroupId": "[resourceId('microsoft.insights/actionGroups', parameters('actionGroups_RecommendedAlertRules_AG_1_name'))]",
                        "webHookProperties": {}
                    }
                ]
            }
        },
        {
            "type": "Microsoft.Sql/servers/databases/advancedThreatProtectionSettings",
            "apiVersion": "2024-05-01-preview",
            "name": "[concat(parameters('servers_sql_spd_7_leandro_name'), '/db-projeto-leandro/Default')]",
            "dependsOn": [
                "[resourceId('Microsoft.Sql/servers/databases', parameters('servers_sql_spd_7_leandro_name'), 'db-projeto-leandro')]",
                "[resourceId('Microsoft.Sql/servers', parameters('servers_sql_spd_7_leandro_name'))]"
            ],
            "properties": {
                "state": "Disabled"
            }
        },
        {
            "type": "Microsoft.Sql/servers/databases/auditingPolicies",
            "apiVersion": "2014-04-01",
            "name": "[concat(parameters('servers_sql_spd_7_leandro_name'), '/db-projeto-leandro/Default')]",
            "location": "Brazil South",
            "dependsOn": [
                "[resourceId('Microsoft.Sql/servers/databases', parameters('servers_sql_spd_7_leandro_name'), 'db-projeto-leandro')]",
                "[resourceId('Microsoft.Sql/servers', parameters('servers_sql_spd_7_leandro_name'))]"
            ],
            "properties": {
                "auditingState": "Disabled"
            }
        },
        {
            "type": "Microsoft.Sql/servers/databases/auditingSettings",
            "apiVersion": "2024-05-01-preview",
            "name": "[concat(parameters('servers_sql_spd_7_leandro_name'), '/db-projeto-leandro/Default')]",
            "dependsOn": [
                "[resourceId('Microsoft.Sql/servers/databases', parameters('servers_sql_spd_7_leandro_name'), 'db-projeto-leandro')]",
                "[resourceId('Microsoft.Sql/servers', parameters('servers_sql_spd_7_leandro_name'))]"
            ],
            "properties": {
                "retentionDays": 0,
                "isAzureMonitorTargetEnabled": false,
                "state": "Disabled",
                "storageAccountSubscriptionId": "00000000-0000-0000-0000-000000000000"
            }
        },
        {
            "type": "Microsoft.Sql/servers/databases/backupLongTermRetentionPolicies",
            "apiVersion": "2024-05-01-preview",
            "name": "[concat(parameters('servers_sql_spd_7_leandro_name'), '/db-projeto-leandro/default')]",
            "dependsOn": [
                "[resourceId('Microsoft.Sql/servers/databases', parameters('servers_sql_spd_7_leandro_name'), 'db-projeto-leandro')]",
                "[resourceId('Microsoft.Sql/servers', parameters('servers_sql_spd_7_leandro_name'))]"
            ],
            "properties": {
                "weeklyRetention": "PT0S",
                "monthlyRetention": "PT0S",
                "yearlyRetention": "PT0S",
                "weekOfYear": 0
            }
        },
        {
            "type": "Microsoft.Sql/servers/databases/backupShortTermRetentionPolicies",
            "apiVersion": "2024-05-01-preview",
            "name": "[concat(parameters('servers_sql_spd_7_leandro_name'), '/db-projeto-leandro/default')]",
            "dependsOn": [
                "[resourceId('Microsoft.Sql/servers/databases', parameters('servers_sql_spd_7_leandro_name'), 'db-projeto-leandro')]",
                "[resourceId('Microsoft.Sql/servers', parameters('servers_sql_spd_7_leandro_name'))]"
            ],
            "properties": {
                "retentionDays": 7,
                "diffBackupIntervalInHours": 12
            }
        },
        {
            "type": "Microsoft.Sql/servers/databases/extendedAuditingSettings",
            "apiVersion": "2024-05-01-preview",
            "name": "[concat(parameters('servers_sql_spd_7_leandro_name'), '/db-projeto-leandro/Default')]",
            "dependsOn": [
                "[resourceId('Microsoft.Sql/servers/databases', parameters('servers_sql_spd_7_leandro_name'), 'db-projeto-leandro')]",
                "[resourceId('Microsoft.Sql/servers', parameters('servers_sql_spd_7_leandro_name'))]"
            ],
            "properties": {
                "retentionDays": 0,
                "isAzureMonitorTargetEnabled": false,
                "state": "Disabled",
                "storageAccountSubscriptionId": "00000000-0000-0000-0000-000000000000"
            }
        },
        {
            "type": "Microsoft.Sql/servers/databases/geoBackupPolicies",
            "apiVersion": "2024-05-01-preview",
            "name": "[concat(parameters('servers_sql_spd_7_leandro_name'), '/db-projeto-leandro/Default')]",
            "dependsOn": [
                "[resourceId('Microsoft.Sql/servers/databases', parameters('servers_sql_spd_7_leandro_name'), 'db-projeto-leandro')]",
                "[resourceId('Microsoft.Sql/servers', parameters('servers_sql_spd_7_leandro_name'))]"
            ],
            "properties": {
                "state": "Disabled"
            }
        },
        {
            "type": "Microsoft.Sql/servers/databases/ledgerDigestUploads",
            "apiVersion": "2024-05-01-preview",
            "name": "[concat(parameters('servers_sql_spd_7_leandro_name'), '/db-projeto-leandro/Current')]",
            "dependsOn": [
                "[resourceId('Microsoft.Sql/servers/databases', parameters('servers_sql_spd_7_leandro_name'), 'db-projeto-leandro')]",
                "[resourceId('Microsoft.Sql/servers', parameters('servers_sql_spd_7_leandro_name'))]"
            ],
            "properties": {}
        },
        {
            "type": "Microsoft.Sql/servers/databases/securityAlertPolicies",
            "apiVersion": "2024-05-01-preview",
            "name": "[concat(parameters('servers_sql_spd_7_leandro_name'), '/db-projeto-leandro/Default')]",
            "dependsOn": [
                "[resourceId('Microsoft.Sql/servers/databases', parameters('servers_sql_spd_7_leandro_name'), 'db-projeto-leandro')]",
                "[resourceId('Microsoft.Sql/servers', parameters('servers_sql_spd_7_leandro_name'))]"
            ],
            "properties": {
                "state": "Disabled",
                "disabledAlerts": [
                    ""
                ],
                "emailAddresses": [
                    ""
                ],
                "emailAccountAdmins": false,
                "retentionDays": 0
            }
        },
        {
            "type": "Microsoft.Sql/servers/databases/transparentDataEncryption",
            "apiVersion": "2024-05-01-preview",
            "name": "[concat(parameters('servers_sql_spd_7_leandro_name'), '/db-projeto-leandro/Current')]",
            "dependsOn": [
                "[resourceId('Microsoft.Sql/servers/databases', parameters('servers_sql_spd_7_leandro_name'), 'db-projeto-leandro')]",
                "[resourceId('Microsoft.Sql/servers', parameters('servers_sql_spd_7_leandro_name'))]"
            ],
            "properties": {
                "state": "Enabled"
            }
        },
        {
            "type": "Microsoft.Sql/servers/databases/vulnerabilityAssessments",
            "apiVersion": "2024-05-01-preview",
            "name": "[concat(parameters('servers_sql_spd_7_leandro_name'), '/db-projeto-leandro/Default')]",
            "dependsOn": [
                "[resourceId('Microsoft.Sql/servers/databases', parameters('servers_sql_spd_7_leandro_name'), 'db-projeto-leandro')]",
                "[resourceId('Microsoft.Sql/servers', parameters('servers_sql_spd_7_leandro_name'))]"
            ],
            "properties": {
                "recurringScans": {
                    "isEnabled": false,
                    "emailSubscriptionAdmins": true
                }
            }
        }
    ]
}